iter	Quantile:alpha=0.95
0	0.01754926652
1	0.01728720088
2	0.0170571165
3	0.01680862741
4	0.01663391465
5	0.01644675032
6	0.01624675381
7	0.01606936421
8	0.01592595866
9	0.01576296524
10	0.01565674238
11	0.01554784486
12	0.01542810477
13	0.01533283331
14	0.01520915364
15	0.01514492428
16	0.01505648395
17	0.01494960704
18	0.01484737106
19	0.01472760204
20	0.01467298042
21	0.01460972045
22	0.01451536322
23	0.01445732779
24	0.01433813458
25	0.0142927342
26	0.01422580174
27	0.01412708002
28	0.01404667815
29	0.0139722549
30	0.01390388679
31	0.01382446417
32	0.01372478173
33	0.01365417855
34	0.01354987292
35	0.01350999798
36	0.01345056029
37	0.01340097649
38	0.01333780123
39	0.01331362561
40	0.0131901404
41	0.01315673108
42	0.01313651259
43	0.01310951842
44	0.01299704422
45	0.01297695513
46	0.01291163776
47	0.01284152507
48	0.01280040726
49	0.01275952184
50	0.01269046592
51	0.01268215165
52	0.01264772311
53	0.01259428492
54	0.01245177826
55	0.01240594995
56	0.01239090373
57	0.01237778779
58	0.01235884556
59	0.01235404686
60	0.01233832592
61	0.01229171192
62	0.0122486383
63	0.01220240531
64	0.01217677286
65	0.01214361208
66	0.0120531695
67	0.01203849619
68	0.01196900114
69	0.01193883426
70	0.01189546824
71	0.01188459076
72	0.01176644956
73	0.01175581261
74	0.01172643749
75	0.01169829235
76	0.01166390174
77	0.01164072386
78	0.01161312716
79	0.01157077656
80	0.01155185958
81	0.01152470618
82	0.0115050291
83	0.01148124975
84	0.01140884257
85	0.01139727429
86	0.01138199973
87	0.0113569679
88	0.01130092662
89	0.01127540629
90	0.01116331294
91	0.01114216086
92	0.01109641769
93	0.0110764077
94	0.01104028937
95	0.0110330111
96	0.01098960821
97	0.01093272614
98	0.01091739509
99	0.01084555566
100	0.01082912024
101	0.01081337142
102	0.01081030626
103	0.0107537303
104	0.01073140035
105	0.01071079486
106	0.01066384215
107	0.01064639374
108	0.01061856371
109	0.01057006958
110	0.01054568517
111	0.01053384823
112	0.01053183352
113	0.01050476527
114	0.01048877809
115	0.01044862445
116	0.01042921486
117	0.010383276
118	0.01037226761
119	0.01036955479
120	0.01036037941
121	0.01034605642
122	0.01033143138
123	0.01031575932
124	0.01031387344
125	0.01031119715
126	0.01030382376
127	0.01029624614
128	0.01029161745
129	0.01028758914
130	0.01027575655
131	0.01027201873
132	0.01024960918
133	0.01023504007
134	0.01022621657
135	0.01022318472
136	0.01020982718
137	0.01019764209
138	0.01016557174
139	0.01016253591
140	0.01015871163
141	0.01015604181
142	0.01015082484
143	0.01013491709
144	0.01012051783
145	0.01008807101
146	0.01007919615
147	0.01007178579
148	0.01005887295
149	0.01005611295
150	0.01004357656
151	0.01003139932
152	0.01002742862
153	0.01001586993
154	0.01001385408
155	0.01000905245
156	0.01000228532
157	0.009993897713
158	0.009988338283
159	0.009980604892
160	0.009971560094
161	0.009968521663
162	0.009967424588
163	0.009966433694
164	0.009961847827
165	0.009954638514
166	0.00994815113
167	0.009946209822
168	0.009939286946
169	0.009935339944
170	0.009922129433
171	0.009901210281
172	0.009873855803
173	0.009871672428
174	0.009870983021
175	0.009867004949
176	0.009848869862
177	0.009837750574
178	0.009822807831
179	0.009807342327
180	0.009793522662
181	0.009790658587
182	0.009787347877
183	0.009773660343
184	0.009767513602
185	0.009761336605
186	0.009757368024
187	0.009750020484
188	0.00974334503
189	0.009742766638
190	0.009741169031
191	0.009730643359
192	0.009716195031
193	0.009711742293
194	0.009710971303
195	0.009708103339
196	0.009700282835
197	0.009697735692
198	0.00969584756
199	0.009695115821
200	0.009690676527
201	0.009685552647
202	0.009683930629
203	0.009680399763
204	0.009675714321
205	0.009671585923
206	0.009669993162
207	0.009665349568
208	0.009657479842
209	0.009651620381
210	0.00964634794
211	0.009641522347
212	0.009635798962
213	0.009631730444
214	0.009629597439
215	0.009627521421
216	0.009621986031
217	0.009612276381
218	0.009608573768
219	0.009601324644
220	0.009596840936
221	0.009590165815
222	0.009588169587
223	0.009581126772
224	0.009575402748
225	0.009571170583
226	0.009567698125
227	0.009559355928
228	0.009557295142
229	0.009554444434
230	0.009551398651
231	0.009543773425
232	0.009541323617
233	0.009536233412
234	0.009532870024
235	0.009526058022
236	0.009521527251
237	0.009516281492
238	0.009512087563
239	0.009509643206
240	0.009506387849
241	0.009500977237
242	0.009499836132
243	0.009491156985
244	0.009489370788
245	0.009488058547
246	0.009486465727
247	0.00948520194
248	0.009481090277
249	0.009480597867
250	0.009479404866
251	0.009476868929
252	0.009470583021
253	0.009467985689
254	0.009465360167
255	0.009456621012
256	0.009454683981
257	0.009452011299
258	0.009448457271
259	0.009447903603
260	0.009445937779
261	0.009443598432
262	0.009443367159
263	0.009442296782
264	0.00944073866
265	0.009439652571
266	0.00943826677
267	0.009437598582
268	0.009436097332
269	0.009430202858
270	0.009427567533
271	0.009426546488
272	0.009424817855
273	0.009424250246
274	0.009418656931
275	0.00941612105
276	0.009415097008
277	0.009413750973
278	0.009412760023
279	0.009410641408
280	0.009407102199
281	0.009406755201
282	0.009398412018
283	0.009397661254
284	0.009392244085
285	0.00938259831
286	0.009376516225
287	0.009376322439
288	0.009373904532
289	0.009371621412
290	0.009363629651
291	0.00935657099
292	0.009352800635
293	0.00935093129
294	0.009345210489
295	0.009342011379
296	0.00932290595
297	0.009316429578
298	0.009314456061
299	0.009290323668
300	0.009289015079
301	0.009280945623
302	0.009278092831
303	0.009276940967
304	0.009275128895
305	0.009270454797
306	0.009269809064
307	0.009262369104
308	0.00926135991
309	0.009256281089
310	0.009250722448
311	0.009242532124
312	0.009241470835
313	0.009239544789
314	0.009239409552
315	0.009235167063
316	0.009229809567
317	0.009229164752
318	0.009225333555
319	0.009218201459
320	0.00921758061
321	0.00921673416
322	0.009216068231
323	0.009211959038
324	0.009209310634
325	0.009208495852
326	0.009208241533
327	0.009205919281
328	0.009204023632
329	0.009202985889
330	0.009199247379
331	0.009197143489
332	0.009195814009
333	0.009194886838
334	0.009193581083
335	0.009193250109
336	0.009188910044
337	0.009187729426
338	0.009185430242
339	0.009181660314
340	0.00918094528
341	0.009180447535
342	0.009180226691
343	0.009178506048
344	0.009176191145
345	0.009175413839
346	0.00917501694
347	0.009174294785
348	0.00917070794
349	0.009170510469
350	0.009169108209
351	0.009168854495
352	0.009164997785
353	0.009161582802
354	0.009161373637
355	0.009159992297
356	0.009159755197
357	0.009159200118
358	0.009156406457
359	0.009151092405
360	0.009148422967
361	0.009145498604
362	0.009139813486
363	0.009139280991
364	0.009139121045
365	0.009137054985
366	0.009134519731
367	0.009134128548
368	0.009129203201
369	0.009124023633
370	0.009123307173
371	0.009094816884
372	0.00908917811
373	0.009088709611
374	0.009084541321
375	0.009080761652
376	0.009078292564
377	0.009075193686
378	0.009072036439
379	0.009071726845
380	0.009070670091
381	0.009067561562
382	0.009066320714
383	0.009058621434
384	0.009058231812
385	0.009056142167
386	0.009053542049
387	0.009053317343
388	0.009050303115
389	0.009048928938
390	0.009046016492
391	0.009045088246
392	0.009042799953
393	0.009042385228
394	0.009040106643
395	0.009039528271
396	0.009036760888
397	0.009034890179
398	0.00900490758
399	0.009003967021
400	0.009002222308
401	0.009000571053
402	0.008999210017
403	0.008997974986
404	0.008996818692
405	0.00899249406
406	0.008991803523
407	0.008990546445
408	0.008987250915
409	0.008984606438
410	0.008983887471
411	0.008981931876
412	0.008977676748
413	0.008975252946
414	0.008973484287
415	0.008968672904
416	0.008967141737
417	0.008966519626
418	0.008966236759
419	0.008965193259
420	0.008962346377
421	0.008959407147
422	0.008952092014
423	0.008949660003
424	0.008947122848
425	0.008945590626
426	0.008945401106
427	0.008943817936
428	0.008941400938
429	0.008934767957
430	0.008931521816
431	0.008928736121
432	0.008924050947
433	0.008920912643
434	0.008917669798
435	0.008915575745
436	0.008913297515
437	0.008909451258
438	0.008904478533
439	0.008896710061
440	0.008895052352
441	0.008887819218
442	0.008878801689
443	0.008877682061
444	0.008875564391
445	0.008870223611
446	0.008868916834
447	0.008867453083
448	0.008865276641
449	0.008863211792
450	0.008843243183
451	0.008819501382
452	0.008815178906
453	0.00881309461
454	0.008810112064
455	0.008807001627
456	0.008806209177
457	0.008803833893
458	0.00880038382
459	0.008743816688
460	0.008687485782
461	0.008686644314
462	0.008679956357
463	0.008677576316
464	0.008659140065
465	0.008653066368
466	0.008651515139
467	0.008602460509
468	0.008597170793
469	0.008551404013
470	0.00853589473
471	0.00849912928
472	0.00845256877
473	0.008451639954
474	0.008449254599
475	0.008447912006
476	0.008411477825
477	0.008409580942
478	0.008406950739
479	0.008404666724
480	0.008401273595
481	0.008399413215
482	0.008395876814
483	0.008392748154
484	0.008390118957
485	0.00838571846
486	0.008384340261
487	0.008378403536
488	0.008376629306
489	0.008370689262
490	0.008365276208
491	0.008362912562
492	0.00835791717
493	0.008340355624
494	0.008338836207
495	0.008335295121
496	0.008333533897
497	0.008331211203
498	0.008325610741
499	0.008323657047
500	0.008322609497
501	0.008320873879
502	0.008306213262
503	0.0083017796
504	0.008298643854
505	0.008288483239
506	0.008284425779
507	0.008283424101
508	0.008276123155
509	0.008272628894
510	0.008269951378
511	0.008267898907
512	0.008262832669
513	0.008261232504
514	0.008260234451
515	0.008259264677
516	0.008258755401
517	0.008257659811
518	0.008256269485
519	0.008254305245
520	0.00825281375
521	0.008242253581
522	0.008230214106
523	0.008223570054
524	0.008222711251
525	0.008221491773
526	0.00821893731
527	0.008213478025
528	0.008212656263
529	0.008209806883
530	0.008187581685
531	0.008183804779
532	0.008168024989
533	0.008166946654
534	0.008166073129
535	0.00816188923
536	0.0081598139
537	0.008159216069
538	0.008157775922
539	0.008157496553
540	0.008148733094
541	0.008137600022
542	0.008136708336
543	0.00813630128
544	0.00812778971
545	0.008127547339
546	0.008125790899
547	0.008125561999
548	0.008125384534
549	0.008124094529
550	0.008123775608
551	0.008123205874
552	0.008121537517
553	0.008121145119
554	0.008120791108
555	0.008120351142
556	0.008118826445
557	0.008118594105
558	0.00811813671
559	0.008115444973
560	0.008115281401
561	0.008114783028
562	0.008114043892
563	0.008113709083
564	0.008111033406
565	0.008105697959
566	0.008104698953
567	0.00810312034
568	0.008101913365
569	0.008101258569
570	0.00809884874
571	0.008098677142
572	0.008096982701
573	0.008096620175
574	0.008096188872
575	0.008095298149
576	0.008093609047
577	0.008090913194
578	0.008089306654
579	0.008087150866
580	0.00808674002
581	0.008085897095
582	0.008085606915
583	0.008085549804
584	0.008085421884
585	0.008085315142
586	0.008085229512
587	0.008084764843
588	0.0080833641
589	0.008080561555
590	0.008080514665
591	0.008080130324
592	0.008079787755
593	0.008079590636
594	0.008078636154
595	0.008078419519
596	0.008077235512
597	0.008076872293
598	0.008076606164
599	0.008076420148
600	0.008075512771
601	0.008073979326
602	0.008073733083
603	0.008073167025
604	0.008072669349
605	0.008072530102
606	0.008072102308
607	0.008071854264
608	0.008071310738
609	0.00807037773
610	0.008067528756
611	0.008067260116
612	0.008066682764
613	0.008056232627
614	0.00805618362
615	0.008055557614
616	0.008052389818
617	0.008051614639
618	0.008047745053
619	0.008047668389
620	0.008046743511
621	0.008046415025
622	0.008043538531
623	0.008042736397
624	0.008042302302
625	0.008041352267
626	0.008040128458
627	0.008038369032
628	0.008037604021
629	0.008034758206
630	0.008031014098
631	0.008030245383
632	0.008029583527
633	0.008027673247
634	0.008022368522
635	0.008020352813
636	0.008015798255
637	0.008014189945
638	0.008012819912
639	0.007998955293
640	0.007998188569
641	0.007996496608
642	0.007994373789
643	0.007989083474
644	0.007988747545
645	0.007987044094
646	0.007986579809
647	0.007985410965
648	0.007984326189
649	0.007983621426
650	0.007983258623
651	0.007980898345
652	0.007979865669
653	0.007979191972
654	0.007979067252
655	0.007978762546
656	0.007978046183
657	0.007977755408
658	0.007977570425
659	0.007976872821
660	0.00797626588
661	0.007976192174
662	0.007973511506
663	0.007973478212
664	0.007972276313
665	0.007971905059
666	0.007971323882
667	0.007970565357
668	0.007970138847
669	0.007969027133
670	0.007967255188
671	0.007966908589
672	0.007966542693
673	0.00796621937
674	0.007964426799
675	0.007961985421
676	0.007961642863
677	0.007961280887
678	0.007960770709
679	0.007958912453
680	0.007958758008
681	0.007958318397
682	0.007955991857
683	0.007955363754
684	0.007953632846
685	0.007952889249
686	0.007952668717
687	0.007952293505
688	0.007950751347
689	0.007950686508
690	0.007950389747
691	0.007949281998
692	0.007947597903
693	0.00794527493
694	0.007942855007
695	0.007941738992
696	0.007934386936
697	0.007934350925
698	0.00793387006
699	0.007933411155
700	0.007932257607
701	0.007931808955
702	0.007931015216
703	0.007930270705
704	0.007928667581
705	0.007928462239
706	0.007927626973
707	0.007927234124
708	0.007925208704
709	0.007924681768
710	0.007924552323
711	0.007923067963
712	0.007922297161
713	0.007921653356
714	0.00792138424
715	0.007921090362
716	0.007920534231
717	0.007920323537
718	0.00791964381
719	0.007919610186
720	0.007919343262
721	0.007919337969
722	0.00791778691
723	0.007917587292
724	0.007917579242
725	0.007917401976
726	0.007916948042
727	0.007916765882
728	0.007916750664
729	0.007915403692
730	0.007914517035
731	0.007914492305
732	0.007913104845
733	0.007912778715
734	0.007911000544
735	0.007909004563
736	0.007907686773
737	0.007905841765
738	0.00790534405
739	0.007905050659
740	0.007902439761
741	0.007902358676
742	0.007901661482
743	0.007901382077
744	0.007900245563
745	0.00790011661
746	0.007900048014
747	0.007899897908
748	0.007899597255
749	0.007897437638
750	0.007896836048
751	0.007894603324
752	0.00789444375
753	0.007894372944
754	0.00789432308
755	0.007894240645
756	0.007893838478
757	0.007893520635
758	0.007893347987
759	0.007892891313
760	0.007892753721
761	0.007892084788
762	0.007892061626
763	0.00789166372
764	0.007891498904
765	0.00789007079
766	0.007889665682
767	0.007888462593
768	0.007888289451
769	0.007876892079
770	0.007876790542
771	0.007875415477
772	0.007875298651
773	0.007875272308
774	0.007874833263
775	0.007873824222
776	0.007873652202
777	0.007873149732
778	0.007873043443
779	0.007872863357
780	0.007872544837
781	0.007871964468
782	0.007871647429
783	0.007870796485
784	0.007870789767
785	0.007869833107
786	0.007869819922
787	0.007869659881
788	0.007868158457
789	0.007868094309
790	0.007867898654
791	0.007867703581
792	0.007867680744
793	0.007866537845
794	0.007866335697
795	0.007865542762
796	0.007865268146
797	0.007863062067
798	0.007862920948
799	0.007862694183
800	0.007862425243
801	0.007862402774
802	0.007862086838
803	0.007861823962
804	0.007861770591
805	0.007861471601
806	0.007861464313
807	0.007861435298
808	0.007860084581
809	0.007858940463
810	0.007858489476
811	0.007858314901
812	0.007858021599
813	0.007856570007
814	0.007853741443
815	0.007852332018
816	0.007852052205
817	0.007849858093
818	0.007848578074
819	0.007847362056
820	0.007844979632
821	0.007843917817
822	0.007843821196
823	0.007843226367
824	0.007842983873
825	0.007842868086
826	0.007841725953
827	0.007841474421
828	0.007841431134
829	0.00784042121
830	0.007840397722
831	0.007840337744
832	0.007839265329
833	0.007838302211
834	0.007837904888
835	0.007836929726
836	0.007836670534
837	0.007833640687
838	0.007833478802
839	0.007832641969
840	0.007832544716
841	0.007832288443
842	0.007832279418
843	0.007830565824
844	0.007829852439
845	0.007829607148
846	0.007829601541
847	0.00782951413
848	0.007827885941
849	0.007827230288
850	0.007824416352
851	0.007824336407
852	0.007823848339
853	0.007823455899
854	0.007822766977
855	0.007822659322
856	0.007821194396
857	0.007820691222
858	0.007820099787
859	0.007818557602
860	0.007816370911
861	0.007815547562
862	0.007812595902
863	0.007811882464
864	0.007811289319
865	0.007810663649
866	0.007810516442
867	0.007809919636
868	0.007808275222
869	0.007799004955
870	0.007798787326
871	0.007796495428
872	0.007796397162
873	0.007795591258
874	0.007793432734
875	0.007792767611
876	0.007792352583
877	0.007792245665
878	0.007791732352
879	0.007788173136
880	0.007788162237
881	0.007788146596
882	0.007788046394
883	0.007787289653
884	0.00778674469
885	0.007786353474
886	0.007785918827
887	0.007785201491
888	0.007785171126
889	0.007785058497
890	0.007784547168
891	0.007784385628
892	0.007784117921
893	0.007782086886
894	0.007782027305
895	0.007782012639
896	0.00778199872
897	0.007781517801
898	0.007781060045
899	0.007780984177
900	0.007780960773
901	0.007780954749
902	0.007780847041
903	0.0077807448
904	0.007780666246
905	0.007780322386
906	0.007780247828
907	0.007780078612
908	0.007780045318
909	0.0077800389
910	0.007779963057
911	0.007779653124
912	0.007778598021
913	0.007773483378
914	0.007765149959
915	0.007763292847
916	0.007763158726
917	0.00776291956
918	0.007761374476
919	0.00775850874
920	0.007757424996
921	0.007757352504
922	0.007757157509
923	0.007756884527
924	0.00775673475
925	0.007756677436
926	0.007755468155
927	0.007753895672
928	0.007752454923
929	0.007751356427
930	0.007751120427
931	0.00775031148
932	0.007742621597
933	0.007740018749
934	0.007727586888
935	0.007713553159
936	0.007708225274
937	0.00770555867
938	0.007705472278
939	0.007705440927
940	0.007705417659
941	0.007705381878
942	0.007703795667
943	0.007703266993
944	0.007703202983
945	0.007703181795
946	0.007703169012
947	0.007702699993
948	0.007702543058
949	0.007702472942
950	0.007702330818
951	0.007701964227
952	0.007701038334
953	0.00770101432
954	0.007700102004
955	0.007700082975
956	0.007700077157
957	0.007699284443
958	0.007699168745
959	0.007699156466
960	0.007698570965
961	0.007698465346
962	0.007697507004
963	0.007697246461
964	0.007697047866
965	0.007695985488
966	0.007694834713
967	0.007694218349
968	0.007693774599
969	0.007693771608
970	0.007690975306
971	0.00768973042
972	0.007689554927
973	0.007689247651
974	0.007689240819
975	0.007689215045
976	0.007688034778
977	0.007687899241
978	0.007687808719
979	0.007687686904
980	0.007686379998
981	0.007686060506
982	0.007685050284
983	0.007685024412
984	0.007684936046
985	0.007684503412
986	0.007684168788
987	0.007684146624
988	0.007684047418
989	0.007683714007
990	0.007683693671
991	0.007683596249
992	0.007683536056
993	0.007683474261
994	0.007683456068
995	0.00768300099
996	0.007682895271
997	0.007682485838
998	0.007682424004
999	0.007682405704
1000	0.00768236112
1001	0.007682286953
1002	0.007682267811
1003	0.007682252498
1004	0.007682237172
1005	0.007682153771
1006	0.007681988893
1007	0.00768143249
1008	0.007681023758
1009	0.007680785534
1010	0.007680011395
1011	0.007679964406
1012	0.007678347975
1013	0.007678318709
1014	0.007678130524
1015	0.007677396266
1016	0.00767549656
1017	0.007675109023
1018	0.007674675542
1019	0.007674658616
1020	0.007673974798
1021	0.007670814914
1022	0.007669590581
1023	0.007669240001
1024	0.007668892492
1025	0.007668560412
1026	0.007668474896
1027	0.007668160019
1028	0.007667781319
1029	0.007665827538
1030	0.007662727036
1031	0.007662255263
1032	0.007661784777
1033	0.007661763421
1034	0.007661743669
1035	0.007661672797
1036	0.007661651875
1037	0.007661275353
1038	0.007661104844
1039	0.007660537316
1040	0.007659260459
1041	0.007658999426
1042	0.00765876601
1043	0.007658538663
1044	0.00765832241
1045	0.007658102729
1046	0.007656620152
1047	0.007656422282
1048	0.007656020952
1049	0.007655833772
1050	0.007655685635
1051	0.007655667078
1052	0.007655276537
1053	0.007655056335
1054	0.007655042342
1055	0.007655008255
1056	0.007654667599
1057	0.007654506268
1058	0.007654353606
1059	0.007653958998
1060	0.007653721844
1061	0.00765357326
1062	0.007653308545
1063	0.007653180072
1064	0.007653151174
1065	0.007653030067
1066	0.007652570979
1067	0.00765244397
1068	0.007652324297
1069	0.007652248646
1070	0.007651895736
1071	0.007651636067
1072	0.007647446201
1073	0.007647056134
1074	0.007647029394
1075	0.007646934333
1076	0.007646761452
1077	0.007646395209
1078	0.007646071989
1079	0.007646044672
1080	0.00764594794
1081	0.007645871812
1082	0.007645830684
1083	0.007645809315
1084	0.007644910511
1085	0.007644824052
1086	0.007644724415
1087	0.007644640679
1088	0.007644545915
1089	0.007644203686
1090	0.007643880449
1091	0.00764250488
1092	0.007642359142
1093	0.007641934752
1094	0.007641866737
1095	0.007641529344
1096	0.007640576712
1097	0.007640345598
1098	0.007640340993
1099	0.007640025986
1100	0.007639320233
1101	0.007639156646
1102	0.007639079856
1103	0.007639012228
1104	0.007638730683
1105	0.007638563577
1106	0.00763820284
1107	0.007638008481
1108	0.007637949435
1109	0.007637924036
1110	0.007637541807
1111	0.007637482533
1112	0.007637457232
1113	0.007636901111
1114	0.007636632621
1115	0.007636623902
1116	0.007636460491
1117	0.007636409703
1118	0.007636096379
1119	0.007636046505
1120	0.007635635745
1121	0.00763557664
1122	0.007635403098
1123	0.007635112991
1124	0.007634566578
1125	0.007634290665
1126	0.007634040195
1127	0.007633999063
1128	0.007633783462
1129	0.007633739016
1130	0.007633534208
1131	0.007633234527
1132	0.007633020911
1133	0.007632739557
1134	0.007632452405
1135	0.007632219843
1136	0.00763204236
1137	0.007631942932
1138	0.007631808991
1139	0.007631620286
1140	0.00763145279
1141	0.007631360366
1142	0.007631190054
1143	0.007631134459
1144	0.007630876943
1145	0.007630724098
1146	0.007630515942
1147	0.007629199903
1148	0.007629180095
1149	0.00762909751
1150	0.007629015961
1151	0.007628859754
1152	0.007628813308
1153	0.007628459026
1154	0.007628039544
1155	0.007627959169
1156	0.007627839872
1157	0.007627814388
1158	0.007627786434
1159	0.007627626937
1160	0.007627605814
1161	0.007627550286
1162	0.007627301557
1163	0.007626961271
1164	0.007626805979
1165	0.007626590491
1166	0.007626571335
1167	0.007626528497
1168	0.007626424485
1169	0.007626389137
1170	0.007626286312
1171	0.007626150884
1172	0.007626021606
1173	0.007623257543
1174	0.007614285003
1175	0.007614034643
1176	0.007613985268
1177	0.007613970235
1178	0.007613886223
1179	0.007613448157
1180	0.007613328179
1181	0.007613096751
1182	0.007612856124
1183	0.007612636518
1184	0.007612622041
1185	0.007612345822
1186	0.007612094572
1187	0.007611727213
1188	0.007611474032
1189	0.007611334492
1190	0.007611325357
1191	0.007611312516
1192	0.007611205338
1193	0.007610964858
1194	0.007610950494
1195	0.007610738216
1196	0.007610607544
1197	0.007610506737
1198	0.007610410484
1199	0.007610208959
1200	0.007609970788
1201	0.007609925678
1202	0.007609581593
1203	0.007609521914
1204	0.007609297192
1205	0.007609253847
1206	0.007609241649
1207	0.007609160525
1208	0.007609075946
1209	0.007608988838
1210	0.007608866908
1211	0.007608764791
1212	0.007608683612
1213	0.007608633927
1214	0.007607326375
1215	0.007607251644
1216	0.007607204559
1217	0.007607195283
1218	0.007607187761
1219	0.007607112237
1220	0.007606882744
1221	0.007598614916
1222	0.007598005925
1223	0.007597970748
1224	0.007597941363
1225	0.007597801923
1226	0.007597764285
1227	0.007597394876
1228	0.007597360288
1229	0.007597254299
1230	0.007597151006
1231	0.007596935357
1232	0.007596870887
1233	0.007595789664
1234	0.007595677808
1235	0.007595398755
1236	0.007595290286
1237	0.007595261038
1238	0.007595185316
1239	0.007594610077
1240	0.007594495055
1241	0.007594429148
1242	0.007594207322
1243	0.007594120353
1244	0.007594083978
1245	0.007593845281
1246	0.007593815151
1247	0.007593717796
1248	0.007593488925
1249	0.007593482271
1250	0.007593456342
1251	0.00759339131
1252	0.007593255115
1253	0.007593119856
1254	0.007592223301
1255	0.007592137657
1256	0.007592080334
1257	0.007592064156
1258	0.007591937379
1259	0.007591933507
1260	0.007591741315
1261	0.007591422666
1262	0.007591417228
1263	0.007591302413
1264	0.007591298665
1265	0.007591255119
1266	0.007591217297
1267	0.007591118116
1268	0.007591114472
1269	0.007591068873
1270	0.007591060096
1271	0.007590980009
1272	0.007590774988
1273	0.007590766005
1274	0.007590698096
1275	0.007590695221
1276	0.007590650374
1277	0.007590568275
1278	0.007590539572
1279	0.007590505378
1280	0.007590501962
1281	0.007590403815
1282	0.007589564153
1283	0.007589386829
1284	0.007589334403
1285	0.00758925445
1286	0.00758925155
1287	0.007589059364
1288	0.007588756251
1289	0.007588752448
1290	0.007588167239
1291	0.007587993294
1292	0.007587140327
1293	0.00758710064
1294	0.007587063282
1295	0.00758690972
1296	0.007586873438
1297	0.007586845303
1298	0.007586647767
1299	0.007586633498
1300	0.007586630992
1301	0.00758662796
1302	0.007586625756
1303	0.00758660972
1304	0.007585539779
1305	0.007585516462
1306	0.0075854893
1307	0.007585438772
1308	0.007585435365
1309	0.00758540389
1310	0.007585043159
1311	0.007585039769
1312	0.00758501462
1313	0.007584852951
1314	0.007584389099
1315	0.007583986192
1316	0.007583983851
1317	0.007583982039
1318	0.007583931303
1319	0.007583908146
1320	0.007583876685
1321	0.007583874556
1322	0.007583064109
1323	0.007579003068
1324	0.00757899618
1325	0.007578994349
1326	0.007578987653
1327	0.007578979588
1328	0.007578960248
1329	0.007578928484
1330	0.007578922622
1331	0.007578914891
1332	0.00757881101
1333	0.007578803633
1334	0.007578782971
1335	0.007578596859
1336	0.007577597531
1337	0.007577592257
1338	0.007577544897
1339	0.007577543405
1340	0.007577512024
1341	0.007577506838
1342	0.007577481831
1343	0.007577457313
1344	0.00757745519
1345	0.007577436155
1346	0.00757743477
1347	0.007577320189
1348	0.007577236318
1349	0.007577234809
1350	0.007577186689
1351	0.007577061551
1352	0.007577039114
1353	0.007577007345
1354	0.007576993986
1355	0.007576976406
1356	0.007576798224
1357	0.007576779056
1358	0.007576693463
1359	0.007576677298
1360	0.007576595309
1361	0.007576569116
1362	0.007576519579
1363	0.00757649402
1364	0.007576452611
1365	0.007576410347
1366	0.007576402017
1367	0.007575887187
1368	0.007575864065
1369	0.007575818625
1370	0.00757577454
1371	0.007575031468
1372	0.007575027232
1373	0.007574993945
1374	0.007574967313
1375	0.007574727736
1376	0.007574654237
1377	0.007574332515
1378	0.007574314341
1379	0.007574292873
1380	0.007574271394
1381	0.007574258122
1382	0.007574188408
1383	0.007574168683
1384	0.007574149499
1385	0.00757405682
1386	0.007574037979
1387	0.007574018967
1388	0.007573865621
1389	0.00757386422
1390	0.007573846018
1391	0.007573717965
1392	0.007573687853
1393	0.00757367074
1394	0.007573651981
1395	0.007573611858
1396	0.007573433684
1397	0.0075733364
1398	0.007573250723
1399	0.007572969797
1400	0.007572966478
1401	0.007572953973
1402	0.007572952613
1403	0.007572791034
1404	0.007572771314
1405	0.007572769414
1406	0.007572752479
1407	0.007572633075
1408	0.007572621168
1409	0.007572619524
1410	0.007572598301
1411	0.007572572744
1412	0.007572417894
1413	0.007572353032
1414	0.007572332447
1415	0.007572215306
1416	0.007572203177
1417	0.007572143316
1418	0.007571846728
1419	0.007571633762
1420	0.007571156053
1421	0.007570076298
1422	0.007570068449
1423	0.007569213371
1424	0.007568443509
1425	0.00756843563
1426	0.007567918716
1427	0.00756785418
1428	0.007567700037
1429	0.007567256517
1430	0.007567210118
1431	0.007567162967
1432	0.007567115818
1433	0.007567072721
1434	0.007567069884
1435	0.007566883781
1436	0.007566867516
1437	0.007566865058
1438	0.007566813396
1439	0.007566783737
1440	0.007566764164
1441	0.0075667314
1442	0.007566717677
1443	0.007566715088
1444	0.007566669754
1445	0.007566642131
1446	0.007566626694
1447	0.007566615334
1448	0.007566574092
1449	0.007566549648
1450	0.007566505659
1451	0.00756646035
1452	0.007566445021
1453	0.007566040869
1454	0.007566031977
1455	0.007564845473
1456	0.007564830941
1457	0.007564826508
1458	0.007564819887
1459	0.007564662066
1460	0.007564661476
1461	0.007564659096
1462	0.007564330196
1463	0.007564329319
1464	0.007563209937
1465	0.007563208941
1466	0.007563075709
1467	0.007563071593
1468	0.007562734344
1469	0.007562728095
1470	0.00756271998
1471	0.007562711731
1472	0.007562447138
1473	0.007562436049
1474	0.007562435715
1475	0.007562408858
1476	0.007562408536
1477	0.007562405002
1478	0.00756240164
1479	0.007562381695
1480	0.007562378989
1481	0.007562378727
1482	0.007562378478
1483	0.00756237674
1484	0.007562056429
1485	0.007560992164
1486	0.007560991891
1487	0.007560723073
1488	0.007559967125
1489	0.00755923836
1490	0.007559238133
1491	0.007558227734
1492	0.007558225634
1493	0.007558224972
1494	0.007558207428
1495	0.007557508247
1496	0.007557496232
1497	0.007556536366
1498	0.007556525875
1499	0.007556523442
1500	0.007556514501
1501	0.007556504831
1502	0.007556427832
1503	0.007556427565
1504	0.00755642731
1505	0.007556285273
1506	0.007556042764
1507	0.007556022859
1508	0.007556022563
1509	0.007556021492
1510	0.007555760697
1511	0.007554842239
1512	0.007554829725
1513	0.00755417048
1514	0.007554082737
1515	0.007554065735
1516	0.007554058639
1517	0.007553913769
1518	0.007553898694
1519	0.007553520469
1520	0.007553443326
1521	0.007553441784
1522	0.007553178042
1523	0.00755312783
1524	0.007553127541
1525	0.007553080377
1526	0.007553011298
1527	0.007553005885
1528	0.007552610751
1529	0.007552609302
1530	0.007552566599
1531	0.007552566342
1532	0.007552525965
1533	0.007552439888
1534	0.007552363081
1535	0.00755232297
1536	0.007551700074
1537	0.007551699769
1538	0.007551657125
1539	0.007551655942
1540	0.007551646512
1541	0.007551334248
1542	0.007551330897
1543	0.007551329098
1544	0.007551327181
1545	0.007551325915
1546	0.007551280511
1547	0.007548105355
1548	0.007548103669
1549	0.007548080437
1550	0.007547128523
1551	0.007547113127
1552	0.007547068582
1553	0.007547000175
1554	0.007546984038
1555	0.007546943853
1556	0.00754693348
1557	0.007546923895
1558	0.007546896099
1559	0.007546895494
1560	0.007546894408
1561	0.007546893993
1562	0.007546893091
1563	0.007546892305
1564	0.007546891351
1565	0.007546890483
1566	0.007546889798
1567	0.007546822522
1568	0.007546581462
1569	0.007546580605
1570	0.007546381908
1571	0.007546370757
1572	0.007546346235
1573	0.007546050525
1574	0.007546039155
1575	0.007545500968
1576	0.007545499437
1577	0.007545498606
1578	0.007545431264
1579	0.007545430482
1580	0.007545381203
1581	0.007545380453
1582	0.007545379817
1583	0.007545256178
1584	0.00754525564
1585	0.007545217545
1586	0.007545211443
1587	0.007545210528
1588	0.007545010726
1589	0.007545009794
1590	0.00754500904
1591	0.007545007999
1592	0.007545007312
1593	0.007545006824
1594	0.007545005862
1595	0.007544999897
1596	0.007544994231
1597	0.007544993749
1598	0.007544989761
1599	0.007544989217
1600	0.007544988621
1601	0.0075449876
1602	0.007544941259
1603	0.007544940664
1604	0.007544940104
1605	0.007544939267
1606	0.007544938719
1607	0.007544572685
1608	0.007544567387
1609	0.007544566239
1610	0.007544565428
1611	0.007544527719
1612	0.007544522709
1613	0.007544521955
1614	0.007544521208
1615	0.007544520494
1616	0.007544484656
1617	0.007544483378
1618	0.007544482355
1619	0.007544481936
1620	0.007544480724
1621	0.007544222109
1622	0.007544220803
1623	0.007544219613
1624	0.007544216878
1625	0.007544213183
1626	0.00754419616
1627	0.007544184024
1628	0.007544154541
1629	0.007544122009
1630	0.007544121012
1631	0.007544120557
1632	0.007544092632
1633	0.007544091596
1634	0.007544054846
1635	0.007544049693
1636	0.007544043454
1637	0.007544043117
1638	0.007544036087
1639	0.007544035555
1640	0.007544035057
1641	0.007544029107
1642	0.007544028863
1643	0.007544028573
1644	0.007544028156
1645	0.0075440279
1646	0.007544027561
1647	0.007544026752
1648	0.007544021502
1649	0.007544021244
1650	0.007544020998
1651	0.007544020655
1652	0.007543985988
1653	0.007543985841
1654	0.007543982484
1655	0.007543982348
1656	0.007543982067
1657	0.00754398161
1658	0.007543977165
1659	0.007543976903
1660	0.007543976477
1661	0.00754397623
1662	0.007543975998
1663	0.007543975875
1664	0.007543975657
1665	0.00754397526
1666	0.007543975052
1667	0.007543974955
1668	0.007543946984
1669	0.007543942461
1670	0.007543942282
1671	0.007543942113
1672	0.007543941924
1673	0.007543932637
1674	0.007543899899
1675	0.007543868959
1676	0.007543867543
1677	0.00754386748
1678	0.007543842066
1679	0.0075438412
1680	0.007543829534
1681	0.007543825373
1682	0.007543820841
1683	0.007543816766
1684	0.007543816175
1685	0.007543816033
1686	0.007543815394
1687	0.00754381473
1688	0.007543814603
1689	0.007543814421
1690	0.007543810393
1691	0.007543809791
1692	0.007543809661
1693	0.007543809547
1694	0.007543809424
1695	0.007543808056
1696	0.007543778981
1697	0.007543774963
1698	0.007543774834
1699	0.007543774715
1700	0.007543773623
1701	0.007543772076
1702	0.00754377194
1703	0.007543753984
1704	0.007543744933
1705	0.007543743792
1706	0.007543733414
1707	0.007543706868
1708	0.00754370375
1709	0.007543699401
1710	0.007543693746
1711	0.007543690638
1712	0.007543665428
1713	0.007543656938
1714	0.007543656684
1715	0.007543652923
1716	0.00754365262
1717	0.007543541227
1718	0.007543538161
1719	0.007543537978
1720	0.007543537702
1721	0.007543314532
1722	0.007543308715
1723	0.007543303189
1724	0.007543300586
1725	0.007543300226
1726	0.007543088047
1727	0.007543064049
1728	0.007543061765
1729	0.007543054401
1730	0.00754302675
1731	0.007542958974
1732	0.007542956441
1733	0.007542956107
1734	0.007542646249
1735	0.007541535011
1736	0.00754140955
1737	0.007541223589
1738	0.00754104657
1739	0.007541044241
1740	0.007541041331
1741	0.007541037669
1742	0.007540837756
1743	0.007540815965
1744	0.007540584562
1745	0.007540582431
1746	0.007540582173
1747	0.007540413217
1748	0.007540390121
1749	0.007540353252
1750	0.00753999875
1751	0.007539847575
1752	0.007538983486
1753	0.007538782496
1754	0.007538779864
1755	0.007538761726
1756	0.007538601774
1757	0.007538600331
1758	0.007538431128
1759	0.00753839694
1760	0.00753839299
1761	0.007537955045
1762	0.007537949721
1763	0.007537949062
1764	0.007537934241
1765	0.007537929501
1766	0.007537781527
1767	0.00753776341
1768	0.007537582004
1769	0.007537563602
1770	0.007536581581
1771	0.00753597654
1772	0.00753558122
1773	0.007535220471
1774	0.007535219809
1775	0.007535217824
1776	0.007535213146
1777	0.007535193753
1778	0.007535177747
1779	0.007535176349
1780	0.007535174528
1781	0.007535063254
1782	0.007534911265
1783	0.007534896065
1784	0.007534895857
1785	0.007534752557
1786	0.00753474717
1787	0.007534745972
1788	0.007534741842
1789	0.00753471478
1790	0.007534714586
1791	0.007534714444
1792	0.007534700737
1793	0.007534584917
1794	0.007534247935
1795	0.00753424456
1796	0.007534125288
1797	0.007534125097
1798	0.007533799883
1799	0.007533073088
1800	0.007532693674
1801	0.0075326813
1802	0.007532681203
1803	0.007532669474
1804	0.00753262253
1805	0.007532616191
1806	0.007532611521
1807	0.007532508427
1808	0.007532507349
1809	0.007532507174
1810	0.007532496013
1811	0.007532494546
1812	0.007532493131
1813	0.00753247053
1814	0.007532469606
1815	0.007532458157
1816	0.007532322934
1817	0.007532322056
1818	0.00753231115
1819	0.007532182768
1820	0.007532119003
1821	0.007531121803
1822	0.007531121711
1823	0.007531117515
1824	0.007531116723
1825	0.007531000846
1826	0.007530990489
1827	0.00753098727
1828	0.007530830243
1829	0.00753082907
1830	0.007530828356
1831	0.007530309625
1832	0.007530309396
1833	0.007529597886
1834	0.007529559891
1835	0.007529555826
1836	0.007529553588
1837	0.007529550658
1838	0.007529540602
1839	0.007529430799
1840	0.007529429634
1841	0.007529427194
1842	0.007529417644
1843	0.007529417223
1844	0.007529415262
1845	0.007529414054
1846	0.007529413381
1847	0.00752141857
1848	0.007521418166
1849	0.007521355565
1850	0.007521354309
1851	0.007521345237
1852	0.007521336614
1853	0.007521242617
1854	0.007521240902
1855	0.007521232708
1856	0.007521152576
1857	0.007521149792
1858	0.007520858898
1859	0.007520554445
1860	0.007520554302
1861	0.00752055392
1862	0.007520553272
1863	0.007520535696
1864	0.007520534234
1865	0.007520531587
1866	0.007520442903
1867	0.007519864938
1868	0.007519864333
1869	0.007519732417
1870	0.007519732281
1871	0.00751959404
1872	0.007519577358
1873	0.007519559335
1874	0.007518835287
1875	0.007518828503
1876	0.007518828471
1877	0.007518828304
1878	0.007518827588
1879	0.007518826038
1880	0.007518819595
1881	0.007518819415
1882	0.007518813295
1883	0.007518799081
1884	0.007518749937
1885	0.007518741942
1886	0.007518740511
1887	0.007518739856
1888	0.007517047994
1889	0.007517045647
1890	0.007517043418
1891	0.007517037892
1892	0.007516863796
1893	0.007516733355
1894	0.007516731264
1895	0.007516718436
1896	0.007516711221
1897	0.007516706232
1898	0.007516700368
1899	0.007516695867
1900	0.007516693886
1901	0.007516689611
1902	0.007516682759
1903	0.007509142132
1904	0.0075090576
1905	0.007509055451
1906	0.007509044893
1907	0.007508918102
1908	0.007508917661
1909	0.00750891578
1910	0.007508911919
1911	0.007508908254
1912	0.007508796728
1913	0.007508784233
1914	0.00750878422
1915	0.007508782522
1916	0.007508773268
1917	0.007508771657
1918	0.007508768512
1919	0.007508766006
1920	0.007508754967
1921	0.007508751979
1922	0.007508751433
1923	0.007508749194
1924	0.00750871906
1925	0.007508588356
1926	0.007508586897
1927	0.007507571087
1928	0.007507570563
1929	0.007507450098
1930	0.007507447258
1931	0.007507446272
1932	0.007507445309
1933	0.007507439643
1934	0.007507439271
1935	0.007507438385
1936	0.007507430318
1937	0.007507422655
1938	0.007507420218
1939	0.007507169078
1940	0.007507164011
1941	0.007507161696
1942	0.007507159498
1943	0.007507152563
1944	0.007507152547
1945	0.007507149028
1946	0.007507147144
1947	0.007507143896
1948	0.00750713928
1949	0.007507137578
1950	0.007507048846
1951	0.007507047228
1952	0.007507045692
1953	0.007507043893
1954	0.007507043884
1955	0.007506961406
1956	0.00750696002
1957	0.007506672306
1958	0.00750667099
1959	0.007506670296
1960	0.007506665914
1961	0.007506661753
1962	0.007506660133
1963	0.007506654936
1964	0.007506653623
1965	0.007506650904
1966	0.007506647149
1967	0.007506575775
1968	0.007506575754
1969	0.007506544787
1970	0.007506094768
1971	0.00750609364
1972	0.007506093351
1973	0.007506093345
1974	0.007506017486
1975	0.007506016241
1976	0.007505944191
1977	0.007505871634
1978	0.00750587111
1979	0.007505870037
1980	0.007505869018
1981	0.007505800825
1982	0.007505800818
1983	0.007505691059
1984	0.007505690092
1985	0.00750568561
1986	0.007505443574
1987	0.007505439317
1988	0.007505436096
1989	0.007505428754
1990	0.00750542757
1991	0.007504533884
1992	0.007504531122
1993	0.007504530292
1994	0.0075045236
1995	0.007504523594
1996	0.007504523266
1997	0.007504490162
1998	0.007504489374
1999	0.007504488624
2000	0.007504359892
2001	0.007504098398
2002	0.007504095907
2003	0.007504039325
2004	0.007504036251
2005	0.007504035156
2006	0.007504034481
2007	0.007504033839
2008	0.007504033043
2009	0.007504030794
2010	0.007504030185
2011	0.007504029807
2012	0.007504029803
2013	0.007504029224
2014	0.007504026541
2015	0.007504025502
2016	0.007504023467
2017	0.007503927279
2018	0.007503926807
2019	0.007503926359
2020	0.007503895346
2021	0.00750389492
2022	0.007503801638
2023	0.007503801343
2024	0.007503799569
2025	0.007503799185
2026	0.007503798715
2027	0.007503738422
2028	0.007503736491
2029	0.007503395027
2030	0.007503295137
2031	0.007503293303
2032	0.007503293297
2033	0.00750329328
2034	0.007503290985
2035	0.007503279087
2036	0.007503279082
2037	0.007503230239
2038	0.007502554252
2039	0.007501408421
2040	0.007501408055
2041	0.007501406314
2042	0.007500600248
2043	0.0075005999
2044	0.007500598002
2045	0.007500597687
2046	0.007500595899
2047	0.007500595897
2048	0.007500594733
2049	0.007500504299
2050	0.007500380523
2051	0.00750029461
2052	0.007499383671
2053	0.00749938212
2054	0.007499326319
2055	0.007499325555
2056	0.007499325286
2057	0.007499325031
2058	0.007499324788
2059	0.007499263967
2060	0.007499263737
2061	0.007499262532
2062	0.007499260761
2063	0.00749925038
2064	0.007499249013
2065	0.007499247716
2066	0.007499247512
2067	0.00749924732
2068	0.007499246621
2069	0.007499246439
2070	0.007499246434
2071	0.007499245707
2072	0.007499240804
2073	0.007499240632
2074	0.007499240468
2075	0.007499239332
2076	0.007499239184
2077	0.007499239044
2078	0.007499144353
2079	0.007499101289
2080	0.00749910101
2081	0.007499100792
2082	0.007499006866
2083	0.007498889531
2084	0.007498888617
2085	0.007498887751
2086	0.007498887591
2087	0.007498886943
2088	0.007498886001
2089	0.007498885585
2090	0.007498809863
2091	0.007498809088
2092	0.007498808909
2093	0.007498806212
2094	0.007498805452
2095	0.007498805287
2096	0.00749880513
2097	0.007498804395
2098	0.007498802874
2099	0.007498802726
2100	0.007498802425
2101	0.007498802288
2102	0.007498800867
2103	0.00749880073
2104	0.007498800576
2105	0.007498799862
2106	0.007498799722
2107	0.00749879957
2108	0.007498798774
2109	0.007498798638
2110	0.007498798099
2111	0.007498797981
2112	0.007498797847
2113	0.007498790642
2114	0.007498790015
2115	0.007498789353
2116	0.00749878924
2117	0.00749878912
2118	0.007498788522
2119	0.007498788416
2120	0.007498788311
2121	0.007498787689
2122	0.007498787586
2123	0.007498787021
2124	0.007498786926
2125	0.007498786832
2126	0.007498771091
2127	0.00749867167
2128	0.007498671585
2129	0.007498671503
2130	0.007498670972
2131	0.007498670468
2132	0.007498670256
2133	0.007498670184
2134	0.007498670115
2135	0.00749867005
2136	0.007498669683
2137	0.007498669104
2138	0.007498669043
2139	0.007498668572
2140	0.007498506529
2141	0.007498505284
2142	0.007498504837
2143	0.00749850478
2144	0.00749850469
2145	0.007498504168
2146	0.007498503672
2147	0.007498503248
2148	0.007498502778
2149	0.007498460085
2150	0.00749846003
2151	0.00749845996
2152	0.007498459908
2153	0.007498459464
2154	0.007498459416
2155	0.007498459332
2156	0.007498458911
2157	0.00749845851
2158	0.007498458328
2159	0.007498456836
2160	0.007498456791
2161	0.007498456705
2162	0.007498456533
2163	0.007498456492
2164	0.007498455076
2165	0.007498454677
2166	0.007498454638
2167	0.007498454601
2168	0.007498454221
2169	0.007498453841
2170	0.007498452444
2171	0.007498452393
2172	0.007498452314
2173	0.007498452266
2174	0.007498451904
2175	0.007498451561
2176	0.007498356073
2177	0.007498356038
2178	0.007498355712
2179	0.007498355678
2180	0.007498355324
2181	0.00749835503
2182	0.007498264754
2183	0.007498264664
2184	0.007498175309
2185	0.007498175267
2186	0.007498175238
2187	0.007498175199
2188	0.007498175126
2189	0.007498175089
2190	0.007498174812
2191	0.007498174549
2192	0.007498174522
2193	0.007498173304
2194	0.007498173269
2195	0.007498173019
2196	0.007498172783
2197	0.007498172623
2198	0.00749817259
2199	0.007498172283
2200	0.007498171992
2201	0.007498171715
2202	0.007498171688
2203	0.007498171425
2204	0.007498171274
2205	0.007498171249
2206	0.007498171024
2207	0.007498170811
2208	0.007498082316
2209	0.00749808229
2210	0.007498082087
2211	0.007498082017
2212	0.007498081994
2213	0.007498081971
2214	0.007498081947
2215	0.007498081926
2216	0.007498078066
2217	0.007498077819
2218	0.007498077584
2219	0.007498077361
2220	0.007498077218
2221	0.007497995606
2222	0.007497995423
2223	0.007497995403
2224	0.007497995383
2225	0.007497995182
2226	0.007497994927
2227	0.007497994743
2228	0.007497994604
2229	0.00749799443
2230	0.007497979013
2231	0.007497979005
2232	0.00749797884
2233	0.007497978675
2234	0.007497978667
2235	0.007497978511
2236	0.007497978503
2237	0.007497978355
2238	0.007497978226
2239	0.00749797822
2240	0.007497978214
2241	0.007497978208
2242	0.007497978203
2243	0.007497978064
2244	0.007497977723
2245	0.007497977591
2246	0.007497977587
2247	0.007497977461
2248	0.007497960905
2249	0.007497960901
2250	0.007497960786
2251	0.007497946831
2252	0.007497946823
2253	0.00749794665
2254	0.007497930835
2255	0.007497930663
2256	0.007497930602
2257	0.007497930542
2258	0.007497930419
2259	0.007497930405
2260	0.007497930288
2261	0.007497930177
2262	0.007497930019
2263	0.007497930006
2264	0.007497929986
2265	0.00749792988
2266	0.007497929809
2267	0.00749792971
2268	0.007497929561
2269	0.007497929467
2270	0.007497929398
2271	0.007497929351
2272	0.007497850286
2273	0.007497850245
2274	0.007497850204
2275	0.007497850146
2276	0.007497850091
2277	0.007497788572
2278	0.007497788563
2279	0.007497788476
2280	0.007497788392
2281	0.00749778836
2282	0.007497788227
2283	0.007497788101
2284	0.007497788068
2285	0.007497788032
2286	0.007497787954
2287	0.007497775618
2288	0.007497775581
2289	0.007497762537
2290	0.007497762507
2291	0.007497762411
2292	0.007497762336
2293	0.007497762293
2294	0.007497762266
2295	0.007497762195
2296	0.007497762154
2297	0.007497762087
2298	0.007497762023
2299	0.007497761962
2300	0.007497761939
2301	0.007497761917
2302	0.007497761859
2303	0.007497761805
2304	0.007497761754
2305	0.007497761737
2306	0.007497761693
2307	0.007497761644
2308	0.007497760509
2309	0.007497760462
2310	0.007497759273
2311	0.007497759229
2312	0.007497755584
2313	0.007497755543
2314	0.007497755539
2315	0.0074977555
2316	0.007497755473
2317	0.007497755435
2318	0.007497753848
2319	0.007497753838
2320	0.007497753829
2321	0.007497753826
2322	0.007497753692
2323	0.007497753567
2324	0.007497688463
2325	0.007497688428
2326	0.007497688309
2327	0.007497688197
2328	0.00749757754
2329	0.007497577538
2330	0.007497577396
2331	0.007497577388
2332	0.007497577357
2333	0.007497577245
2334	0.007497577243
2335	0.007497564084
2336	0.007497563981
2337	0.007497563951
2338	0.007497563922
2339	0.007497551421
2340	0.007497551413
2341	0.007497550851
2342	0.007497550843
2343	0.007497470318
2344	0.007497470291
2345	0.00749747027
2346	0.007497470249
2347	0.007497470242
2348	0.007497470236
2349	0.00749747021
2350	0.007497470208
2351	0.007497470145
2352	0.007497470143
2353	0.00749745827
2354	0.007497458265
2355	0.007497458211
2356	0.007497458209
2357	0.007497458204
2358	0.00749745477
2359	0.007497444146
2360	0.007497444122
2361	0.007497432811
2362	0.007497432707
2363	0.007497432684
2364	0.007497432666
2365	0.007497432661
2366	0.007497432565
2367	0.007497432543
2368	0.007497432539
2369	0.007497432448
2370	0.007497432423
2371	0.007497432298
2372	0.007497432278
2373	0.007497432265
2374	0.007497432264
2375	0.007497420315
2376	0.007497420306
2377	0.007497420297
2378	0.007497420289
2379	0.007497420281
2380	0.007497420273
2381	0.007497420266
2382	0.007497420181
2383	0.00749740883
2384	0.007497337161
2385	0.007497337154
2386	0.007497334319
2387	0.007497333253
2388	0.007497321982
2389	0.007497321976
2390	0.007497321971
2391	0.007497321852
2392	0.007497321845
2393	0.007497321836
2394	0.007497321827
2395	0.007497318174
2396	0.007497318169
2397	0.007497318147
2398	0.007497318142
2399	0.007497318137
2400	0.007497318132
2401	0.007497318128
2402	0.007497318124
2403	0.007497254586
2404	0.007497254582
2405	0.007497254578
2406	0.007497254505
2407	0.007497254501
2408	0.007497254432
2409	0.007497253598
2410	0.007497253562
2411	0.007497253551
2412	0.007497253543
2413	0.007497253536
2414	0.007497168513
2415	0.00749716847
2416	0.007497168448
2417	0.007497168427
2418	0.007497168422
2419	0.007497168416
2420	0.007497167998
2421	0.007497167993
2422	0.007497167988
2423	0.007497167878
2424	0.007497167167
2425	0.007497167163
2426	0.007497167158
2427	0.007497167155
2428	0.007497166441
2429	0.007497166438
2430	0.007497085668
2431	0.00749708565
2432	0.007497085648
2433	0.007497085644
2434	0.007497085642
2435	0.007497085639
2436	0.007497085636
2437	0.007497085633
2438	0.007497008902
2439	0.007497008898
2440	0.007496936002
2441	0.007496935361
2442	0.007496935359
2443	0.007496935357
2444	0.007496935355
2445	0.007496935354
2446	0.007496935338
2447	0.007496897324
2448	0.007496828074
2449	0.007496828072
2450	0.00749619572
2451	0.007496195718
2452	0.007496195704
2453	0.007496195702
2454	0.0074961957
2455	0.007496195699
2456	0.007496195697
2457	0.007496195694
2458	0.007496187213
2459	0.007496187211
2460	0.007496124714
2461	0.007496124713
2462	0.007496063434
2463	0.007496063432
2464	0.007496063381
2465	0.007496004008
2466	0.007496004007
2467	0.007495947603
2468	0.007495947602
2469	0.007495947601
2470	0.007495947395
2471	0.007495946575
2472	0.007495892991
2473	0.007495891367
2474	0.007495891366
2475	0.007495840462
2476	0.007495792103
2477	0.007495746162
2478	0.007495745668
2479	0.007495745658
2480	0.00749574443
2481	0.007495743609
2482	0.007495743608
2483	0.007495743607
2484	0.007495743357
2485	0.00749574331
2486	0.007495743309
2487	0.007495743266
2488	0.007495743265
2489	0.007495743264
2490	0.007495743263
2491	0.007495682638
2492	0.007495682637
2493	0.007495682636
2494	0.007495682589
2495	0.007495682545
2496	0.007495614463
2497	0.007495614422
2498	0.007495614383
2499	0.007495614382
2500	0.007495614381
2501	0.007495614346
2502	0.007495614311
2503	0.00749561431
2504	0.007495614277
2505	0.007495556719
2506	0.007495556717
2507	0.00749555668
2508	0.007495556679
2509	0.007495556645
2510	0.007495546895
2511	0.007495546894
2512	0.007495516791
2513	0.00749551679
2514	0.007495516789
2515	0.007495516789
2516	0.007495515713
2517	0.007495515712
2518	0.007495512577
2519	0.007495512457
2520	0.007495512359
2521	0.007495512359
2522	0.007495512249
2523	0.007495512248
2524	0.007495512144
2525	0.007495512144
2526	0.007495511783
2527	0.007495511684
2528	0.007495316255
2529	0.007495307464
2530	0.007495307372
2531	0.007495306435
2532	0.007495306434
2533	0.007495306351
2534	0.00749530635
2535	0.007495306286
2536	0.007495306187
2537	0.007495306186
2538	0.007495306124
2539	0.007495306123
2540	0.007495306121
2541	0.007495306057
2542	0.007495306005
2543	0.007495305397
2544	0.007495305335
2545	0.007495305335
2546	0.007495305276
2547	0.007495305234
2548	0.007495305233
2549	0.007495305232
2550	0.007495305232
2551	0.007495305231
2552	0.007495305229
2553	0.00749524345
2554	0.007495243405
2555	0.007495243367
2556	0.007495243366
2557	0.007495243184
2558	0.007495243183
2559	0.007495243142
2560	0.007495243141
2561	0.007495243108
2562	0.007495216444
2563	0.007495216443
2564	0.007495170424
2565	0.007495170423
2566	0.007495170386
2567	0.007495170385
2568	0.007495163703
2569	0.007495163702
2570	0.007495163701
2571	0.00749516367
2572	0.007495163638
2573	0.007495163638
2574	0.007495163637
2575	0.007495163607
2576	0.00749511203
2577	0.007495112002
2578	0.007495112001
2579	0.007495112
2580	0.007495085411
2581	0.007495085387
2582	0.007495085386
2583	0.007495085361
2584	0.007495083729
2585	0.007495083728
2586	0.00749508371
2587	0.00749508296
2588	0.007495082944
2589	0.007495082923
2590	0.007495082864
2591	0.007495056144
2592	0.007495056144
2593	0.007495055431
2594	0.007495043819
2595	0.007495043819
2596	0.007495043799
2597	0.007495043798
2598	0.00749504378
2599	0.007495000136
2600	0.007495000122
2601	0.007495000104
2602	0.007495000088
2603	0.007495000071
2604	0.007494999983
2605	0.007494999982
2606	0.007494999982
2607	0.007494999967
2608	0.007494999966
2609	0.007494999328
2610	0.007494999327
2611	0.007494999243
2612	0.007494999243
2613	0.007494999242
2614	0.007494999229
2615	0.007494999217
2616	0.007494999216
2617	0.007494941008
2618	0.007494938906
2619	0.007494938824
2620	0.007494936119
2621	0.007494936112
2622	0.007494936106
2623	0.007494935005
2624	0.007494934999
2625	0.007494879704
2626	0.00749487962
2627	0.007494879611
2628	0.007494879605
2629	0.007494879597
2630	0.007494844679
2631	0.007494844672
2632	0.007494844636
2633	0.007494803168
2634	0.007494803091
2635	0.007494803017
2636	0.00749475049
2637	0.007494750156
2638	0.007494750088
2639	0.007494750025
2640	0.007494748378
2641	0.007494747501
2642	0.00749469957
2643	0.007494694299
2644	0.007494694184
2645	0.007494687552
2646	0.007494638644
2647	0.007494638626
2648	0.00749463862
2649	0.0074946386
2650	0.007494638594
2651	0.00749463679
2652	0.007494636781
2653	0.00749463677
2654	0.007494620204
2655	0.007494620189
2656	0.007494526812
2657	0.007494518744
2658	0.007494511077
2659	0.007494374037
2660	0.007494268937
2661	0.007494261815
2662	0.007494260621
2663	0.007493682999
2664	0.007493583172
2665	0.007493576249
2666	0.007493576234
2667	0.007493575723
2668	0.00749356766
2669	0.007493567645
2670	0.007493567631
2671	0.007493567618
2672	0.007493567607
2673	0.007493565533
2674	0.00749356515
2675	0.007493565134
2676	0.007493564636
2677	0.007493564517
2678	0.007493562774
2679	0.007493562764
2680	0.007493562564
2681	0.007493562458
2682	0.007493562416
2683	0.007493560589
2684	0.00749355897
2685	0.007493557322
2686	0.00749354956
2687	0.007493542195
2688	0.007493540509
2689	0.007493231902
2690	0.007493230599
2691	0.007493223706
2692	0.00749322364
2693	0.007493222216
2694	0.007493221165
2695	0.007493220166
2696	0.007493219928
2697	0.007493219687
2698	0.007493219572
2699	0.007493219424
2700	0.00749321827
2701	0.007493217156
2702	0.007493216995
2703	0.007493216931
2704	0.007493215659
2705	0.007493211894
2706	0.007493210339
2707	0.007493210176
2708	0.007493209855
2709	0.007493209808
2710	0.007493209652
2711	0.007493202018
2712	0.00749320181
2713	0.007493201624
2714	0.007493201401
2715	0.007493200218
2716	0.007493190559
2717	0.007493189555
2718	0.007493189543
2719	0.007493189427
2720	0.007493188682
2721	0.007493187862
2722	0.007493187809
2723	0.007493187722
2724	0.007493186897
2725	0.007493186752
2726	0.007493153118
2727	0.007493152652
2728	0.007493151097
2729	0.007493151022
2730	0.007493150193
2731	0.007493149461
2732	0.007493149432
2733	0.007493149264
2734	0.007493149252
2735	0.00749314855
2736	0.007493148532
2737	0.00749314845
2738	0.007493143963
2739	0.007493143953
2740	0.007493143781
2741	0.007493143594
2742	0.00749314319
2743	0.007493136212
2744	0.00749313613
2745	0.007493135563
2746	0.00749313555
2747	0.007493134631
2748	0.007493134324
2749	0.007493133832
2750	0.007493101899
2751	0.007493101835
2752	0.007493076776
2753	0.007493076692
2754	0.007493076505
2755	0.00749307638
2756	0.007493076314
2757	0.007493029857
2758	0.007493029853
2759	0.007493029373
2760	0.007493029369
2761	0.007493029334
2762	0.007493024823
2763	0.007493024747
2764	0.007493024709
2765	0.007493024693
2766	0.007493021733
2767	0.007493021337
2768	0.007493020443
2769	0.007493020061
2770	0.00749302001
2771	0.007492995027
2772	0.007492994995
2773	0.007492994678
2774	0.007492994669
2775	0.007492994096
2776	0.007492993034
2777	0.007492993168
2778	0.007492253139
2779	0.007492252813
2780	0.007492098038
2781	0.00749209784
2782	0.007492086597
2783	0.007491385337
2784	0.007490716366
2785	0.007490716086
2786	0.007490715844
2787	0.007490715818
2788	0.007490569847
2789	0.007490566812
2790	0.007490566721
2791	0.007490566689
2792	0.007490562916
2793	0.007490558621
2794	0.007490481374
2795	0.007490481153
2796	0.00749048096
2797	0.007490480406
2798	0.00749048017
2799	0.00749047875
2800	0.007490434695
2801	0.007490434524
2802	0.007490434255
2803	0.007489320687
2804	0.007489319622
2805	0.007489207395
2806	0.007489144161
2807	0.007489142792
2808	0.007489141485
2809	0.007489140183
2810	0.007489138753
2811	0.007489138114
2812	0.007489137043
2813	0.007489135956
2814	0.007489129305
2815	0.007489128008
2816	0.007489120555
2817	0.007489119583
2818	0.007489118574
2819	0.007489117722
2820	0.007489116869
2821	0.007489112537
2822	0.007488921158
2823	0.007488920473
2824	0.007488919498
2825	0.00748891888
2826	0.007488918035
2827	0.007488917483
2828	0.00748891701
2829	0.007488916558
2830	0.007488916003
2831	0.007488915628
2832	0.007488915292
2833	0.007488914785
2834	0.007488914449
2835	0.00748891408
2836	0.007488913715
2837	0.007488913453
2838	0.007488912972
2839	0.007488912611
2840	0.00748891226
2841	0.00748891207
2842	0.007488911865
2843	0.007488911931
2844	0.007488908539
2845	0.007488908308
2846	0.007488908161
2847	0.00748890068
2848	0.007487556083
2849	0.007487555948
2850	0.00748755577
2851	0.007487555652
2852	0.007487555321
2853	0.007487555213
2854	0.007487554935
2855	0.00748755484
2856	0.007487554752
2857	0.00748755427
2858	0.007487553811
2859	0.007487553398
2860	0.007487290281
2861	0.007487290235
2862	0.007487290184
2863	0.007487290135
2864	0.007487289791
2865	0.007487279899
2866	0.007487279843
2867	0.007487276864
2868	0.007487276527
2869	0.007487214034
2870	0.007487154666
2871	0.007487154487
2872	0.007487154323
2873	0.007487153396
2874	0.007487152516
2875	0.007487148392
2876	0.00748714837
2877	0.007487148359
2878	0.007487148348
2879	0.007487148339
2880	0.007487148329
2881	0.007487147483
2882	0.007487147365
2883	0.00748714734
2884	0.007487147333
2885	0.007487147327
2886	0.007487146517
2887	0.007487146512
2888	0.007487090189
2889	0.007487090183
2890	0.00748709012
2891	0.007487078981
2892	0.007487073163
2893	0.007487058862
2894	0.007486943844
2895	0.007486882464
2896	0.007486874846
2897	0.007486874673
2898	0.007486874564
2899	0.007485762408
2900	0.007485762057
2901	0.007485654461
2902	0.007484409945
2903	0.007484409729
2904	0.007484409558
2905	0.007484391007
2906	0.007484289273
2907	0.007484289217
2908	0.00748354816
2909	0.007483548033
2910	0.007483547632
2911	0.007483540295
2912	0.007483539765
2913	0.007483539387
2914	0.007483538671
2915	0.007483538255
2916	0.007483461568
2917	0.007483460252
2918	0.007483459317
2919	0.007483458409
2920	0.007483457055
2921	0.007483456496
2922	0.007483455478
2923	0.007483440375
2924	0.007483439416
2925	0.007483438913
2926	0.007483438679
2927	0.007483438205
2928	0.007483389239
2929	0.00748338873
2930	0.007483388338
2931	0.007483387532
2932	0.007483340505
2933	0.007483339877
2934	0.007483295732
2935	0.007483253796
2936	0.007483209117
2937	0.007483208575
2938	0.007483168764
2939	0.00748316807
2940	0.007483127373
2941	0.00748309141
2942	0.007483057244
2943	0.007483056837
2944	0.007483024417
2945	0.007482993618
2946	0.007482964295
2947	0.007482964207
2948	0.007482933686
2949	0.007482900469
2950	0.007482875352
2951	0.007482875242
2952	0.007482875134
2953	0.007482851109
2954	0.00748282844
2955	0.007482822939
2956	0.007482801253
2957	0.007482780791
2958	0.007482761201
2959	0.007482738309
2960	0.007482720772
2961	0.007482699087
2962	0.00748269894
2963	0.007482683093
2964	0.007482668038
2965	0.007481514132
2966	0.007481514056
2967	0.007481265859
2968	0.007481000573
2969	0.007479671819
2970	0.007478511511
2971	0.007477399147
2972	0.007477361042
2973	0.007477359431
2974	0.007477129559
2975	0.007477088408
2976	0.007476494916
2977	0.007476473991
2978	0.00747643687
2979	0.007476181887
2980	0.00747511274
2981	0.007475079255
2982	0.007475047364
2983	0.007473290292
2984	0.007473261571
2985	0.007473256532
2986	0.007473229201
2987	0.007473202682
2988	0.007473178048
2989	0.007473154803
2990	0.00747313258
2991	0.007473108862
2992	0.007472545279
2993	0.007471283352
2994	0.007471264285
2995	0.007471246192
2996	0.00747058996
2997	0.00747036986
2998	0.007470349507
2999	0.007469406297
